{
  "project_info": {
    "project_number": "392602124803",
    "firebase_url": "https://hackgt-traffic.firebaseio.com",
    "project_id": "hackgt-traffic",
    "storage_bucket": "hackgt-traffic.appspot.com"
  },
  "client": [
    {
      "client_info": {
        "mobilesdk_app_id": "1:392602124803:android:2e4b2c4f5771cd141a8436",
        "android_client_info": {
          "package_name": "com.example.traffic2"
        }
      },
      "oauth_client": [
        {
          "client_id": "392602124803-8l7emuff0fvldd8ggjkc412md7ki8ug7.apps.googleusercontent.com",
          "client_type": 1,
          "android_info": {
            "package_name": "com.example.traffic2",
            "certificate_hash": "6b92b837912355347674693e9588c7e08ec49011"
          }
        },
        {
          "client_id": "392602124803-44btqf8jruom8fc75qg14mep63r6oa7r.apps.googleusercontent.com",
          "client_type": 3
        }
      ],
      "api_key": [
        {
          "current_key": "AIzaSyDVmIzJsLehLs50K4dWSbWJNpneNBfnM5U"
        }
      ],
      "services": {
        "appinvite_service": {
          "other_platform_oauth_client": [
            {
              "client_id": "392602124803-44btqf8jruom8fc75qg14mep63r6oa7r.apps.googleusercontent.com",
              "client_type": 3
            }
          ]
        }
      }
    }
  ],
  "configuration_version": "1"
}